SECCION,x,y,pan,morena,pri,estrato,dif,ln,estratogeo,estratoele,estratodif,estrato_final,estrato_nombre
1742,-93.06289476197908,16.70214280070952,0.14027719445611087,0.30638387232255354,0.08315833683326333,periferia oriente sur,0.16610667786644268,4762,1,1,1,1,Periferia sur oriente
1746,-93.12248641515839,16.706517629893778,0.21993335352923357,0.27809754619812177,0.09391093607997576,periferia oriente sur,0.0581641926688882,3301,1,1,1,1,Periferia sur oriente
1745,-93.11696600329577,16.714719701576495,0.1849476881538981,0.21059736753290584,0.07931150860614242,periferia oriente sur,0.02564967937900775,2963,1,1,1,1,Periferia sur oriente
1747,-93.12145555981665,16.693752327138675,0.16588875923765073,0.2547646830027227,0.10035005834305717,periferia oriente sur,0.08887592376507197,5142,1,1,1,1,Periferia sur oriente
1748,-93.19061029627927,16.68637866648891,0.21525423728813559,0.22033898305084745,0.05520581113801453,periferia poniente sur,0.0050847457627118675,4130,2,2,2,4,Periferia sur poniente
1749,-93.1665948688515,16.783765735845282,0.3235766553631983,0.25397108691772263,0.05229341424237016,periferia poniente norte,-0.06960556844547566,5603,3,3,3,6,Centro poniente
1739,-93.2097193029198,16.7480669369007,0.16150603285361245,0.23331879633667685,0.06221834568978049,periferia poniente norte,0.0718127634830644,6879,4,2,4,4,Periferia sur poniente
1753,-93.1725590484986,16.73983821880299,0.0763888888888889,0.2638888888888889,0.34375,periferia poniente sur,0.1875,288,4,2,4,4,Periferia sur poniente
1738,-93.17829284676434,16.742981570353113,0.1577192397465822,0.2720906968989663,0.06768922974324774,periferia poniente norte,0.11437145715238412,2999,4,2,4,4,Periferia sur poniente
1736,-93.15473206519606,16.733076536549085,0.20905520905520905,0.22953722953722955,0.06706706706706707,periferia poniente sur,0.020482020482020497,12987,5,3,4,4,Periferia sur poniente
1735,-93.13615791516692,16.735035253828116,0.20305220883534136,0.2782329317269076,0.06152610441767068,periferia poniente sur,0.07518072289156624,6225,5,3,1,1,Periferia sur oriente
1706,-93.15779372675118,16.748794635501575,0.24974619289340103,0.2578680203045685,0.07817258883248732,periferia poniente sur,0.008121827411167487,2955,4,3,3,6,Centro poniente
1673,-93.15087226530673,16.755225051480707,0.3898930284028034,0.15750645518258946,0.06418295831796385,centro poniente sur,-0.23238657322021392,2711,4,3,3,6,Centro poniente
1703,-93.18042073786535,16.75009740954189,0.14924554183813443,0.2812071330589849,0.07242798353909465,periferia poniente norte,0.1319615912208505,3645,4,2,4,4,Periferia sur poniente
1643,-93.15848401631595,16.765701021992594,0.29057187017001546,0.24806800618238023,0.07418856259659969,periferia poniente norte,-0.042503863987635226,1294,4,3,3,6,Centro poniente
1641,-93.16899120251638,16.76108399257779,0.3675246025738077,0.15442846328538987,0.07380772142316427,periferia poniente norte,-0.21309613928841784,2642,4,3,3,6,Centro poniente
1640,-93.19961978258044,16.765072915174997,0.3009592326139089,0.2302158273381295,0.054436450839328535,periferia poniente norte,-0.07074340527577938,8340,4,3,4,4,Periferia sur poniente
1639,-93.18426299352893,16.765149962735787,0.15044663845792194,0.3333333333333333,0.059708509637987774,periferia poniente norte,0.18288669487541137,2127,4,2,4,4,Periferia sur poniente
1638,-93.19091617638603,16.780915491965022,0.1741431148526759,0.2832230907997595,0.05628382441371016,periferia poniente norte,0.1090799759470836,8315,4,2,4,4,Periferia sur poniente
1637,-93.1558245329336,16.78604186970524,0.24119850187265918,0.26591760299625467,0.05468164794007491,periferia poniente norte,0.02471910112359549,2670,3,3,3,6,Centro poniente
1644,-93.15504912928338,16.765594113788993,0.3127001067235859,0.2006403415154749,0.05869797225186766,periferia poniente norte,-0.11205976520811098,1874,4,3,3,6,Centro poniente
1642,-93.16114113585141,16.76551458415497,0.35396039603960394,0.2070957095709571,0.07013201320132013,periferia poniente norte,-0.14686468646864684,1212,4,3,3,6,Centro poniente
1672,-93.16549628070088,16.758857565591654,0.43016344725111444,0.18424962852897475,0.06983655274888559,periferia poniente norte,-0.2459138187221397,1346,4,3,3,6,Centro poniente
1701,-93.16310325694963,16.75477862085754,0.23937153419593346,0.28927911275415896,0.09704251386321626,periferia poniente norte,0.0499075785582255,1082,4,3,3,6,Centro poniente
1702,-93.16735714874625,16.75561835572252,0.24855156431054462,0.21147161066048667,0.07531865585168018,periferia poniente norte,-0.03707995365005795,1726,4,3,3,6,Centro poniente
1705,-93.16367461039889,16.74876709762187,0.2334723049434187,0.23764145324597974,0.07742703990470517,periferia poniente sur,0.004169148302561043,1679,4,3,3,6,Centro poniente
1704,-93.16951726388493,16.751929984518295,0.24261603375527427,0.2805907172995781,0.06223628691983123,periferia poniente sur,0.037974683544303806,1896,4,3,3,6,Centro poniente
1602,-93.09757910674686,16.81144714580333,0.11255230125523012,0.24184100418410043,0.08138075313807532,periferia oriente norte,0.1292887029288703,9560,6,3,5,5,Periferia norte
1603,-93.10727761088968,16.797791341916856,0.11584800741427248,0.22675316651220265,0.08897126969416126,periferia oriente norte,0.11090515909793017,3237,6,3,5,5,Periferia norte
1604,-93.10328678508296,16.79689708931043,0.12726194007712846,0.23850489469000297,0.07386532186294868,periferia oriente norte,0.1112429546128745,3371,6,3,5,5,Periferia norte
1605,-93.09532646874821,16.798205306364405,0.1477932636469222,0.2261904761904762,0.06997677119628339,periferia oriente norte,0.078397212543554,3444,6,3,5,5,Periferia norte
1607,-93.09397382200811,16.79224257816884,0.10675850193715024,0.27249246663796817,0.07447266465777012,periferia oriente norte,0.16573396470081792,2323,6,3,5,5,Periferia norte
1608,-93.103666579116,16.79102060015813,0.11389264772214705,0.26364456472710873,0.07938655841226883,periferia oriente norte,0.14975191700496168,4434,6,3,5,5,Periferia norte
1610,-93.09629678916744,16.777453359450544,0.24276010010725776,0.28173042545584553,0.05505899177690383,periferia oriente norte,0.03897032534858777,5594,7,3,5,5,Periferia norte
1611,-93.10277263353402,16.782837646343616,0.17782969885773625,0.29127725856697817,0.07320872274143302,periferia oriente norte,0.11344755970924192,3852,6,3,5,5,Periferia norte
1680,-93.11510534526359,16.754863771170164,0.26593959731543626,0.1686241610738255,0.040268456375838924,centro oriente sur,-0.09731543624161076,1192,3,3,3,3,Centro oriente
1681,-93.1112380372676,16.75234275141993,0.35894941634241245,0.20817120622568094,0.03599221789883268,centro oriente sur,-0.1507782101167315,1028,8,3,3,3,Centro oriente
1691,-93.11175112103479,16.74997435851524,0.3098958333333333,0.25,0.06597222222222222,centro oriente sur,-0.059895833333333315,1152,8,3,3,3,Centro oriente
1693,-93.11439849993775,16.747441586572027,0.3184782608695652,0.32065217391304346,0.09347826086956522,centro oriente sur,0.0021739130434782483,920,8,1,3,3,Centro oriente
1690,-93.10859983239915,16.746720017879916,0.27892030848329047,0.2519280205655527,0.06298200514138817,centro oriente sur,-0.02699228791773778,1556,8,3,3,3,Centro oriente
1712,-93.10496639849559,16.742507555835783,0.23164556962025318,0.3240506329113924,0.043037974683544304,centro oriente sur,0.09240506329113923,1580,8,1,1,1,Periferia sur oriente
1689,-93.1052841022287,16.74700635748389,0.28367234744365033,0.25288620120945576,0.04233095107201759,centro oriente sur,-0.030786146234194567,1819,8,3,3,3,Centro oriente
1682,-93.10467491287241,16.75018450148612,0.2946210268948655,0.22677261613691932,0.04462102689486552,centro oriente sur,-0.0678484107579462,1636,8,3,3,3,Centro oriente
1688,-93.100872379587,16.746723071303578,0.2517123287671233,0.285958904109589,0.04794520547945205,centro oriente sur,0.034246575342465724,1168,8,1,1,1,Periferia sur oriente
1714,-93.10049325994764,16.744742667165724,0.2624356775300172,0.3270440251572327,0.058319039451114926,centro oriente sur,0.06460834762721551,1749,8,1,1,1,Periferia sur oriente
1713,-93.10087593110961,16.743359689098614,0.21894218942189422,0.2958179581795818,0.06027060270602706,centro oriente sur,0.07687576875768756,1626,8,1,1,1,Periferia sur oriente
1687,-93.09781520931503,16.745559606384006,0.26406926406926406,0.23030303030303031,0.08398268398268398,centro oriente sur,-0.03376623376623375,1155,8,3,3,3,Centro oriente
1752,-93.09542246634638,16.74869310193393,0.3409395973154362,0.174496644295302,0.05100671140939597,centro oriente sur,-0.1664429530201342,745,8,3,3,3,Centro oriente
1715,-93.0992567210331,16.74170394522287,0.2182614133833646,0.3233270794246404,0.08567854909318325,centro oriente sur,0.10506566604127579,1599,8,1,1,1,Periferia sur oriente
1684,-93.09209080425718,16.746989985386474,0.2396644697423607,0.21629718394248051,0.07189934092270821,centro oriente sur,-0.023367285799880178,1669,8,3,3,3,Centro oriente
1692,-93.11177939310296,16.74692708738206,0.2556255625562556,0.28622862286228623,0.08010801080108011,centro oriente sur,0.030603060306030605,1111,8,1,3,3,Centro oriente
1626,-93.0875409352416,16.765763079473466,0.33857677902621724,0.2898876404494382,0.0651685393258427,centro oriente norte,-0.048689138576779034,1335,7,3,3,3,Centro oriente
1657,-93.08808455385301,16.762522059915586,0.2914356130622304,0.22982131854590265,0.06685150955021565,centro oriente norte,-0.06161429451632777,3246,7,3,3,3,Centro oriente
1655,-93.09320826510462,16.76218382072025,0.3218599033816425,0.2644927536231884,0.06884057971014493,centro oriente norte,-0.057367149758454083,1656,7,3,3,3,Centro oriente
1667,-93.11228356451637,16.755787925049116,0.23905429071803852,0.13572679509632224,0.03327495621716287,centro oriente sur,-0.10332749562171628,1142,3,3,3,3,Centro oriente
1666,-93.10033778741636,16.7529021970225,0.296957671957672,0.25066137566137564,0.0582010582010582,centro oriente sur,-0.046296296296296335,1512,8,3,3,3,Centro oriente
1612,-93.10793742421343,16.777050957325564,0.19543343653250775,0.28753869969040247,0.05263157894736842,periferia oriente norte,0.09210526315789472,2584,3,3,5,5,Periferia norte
1613,-93.1103842717378,16.77773190393077,0.1985611510791367,0.33908872901678655,0.0657074340527578,periferia oriente norte,0.14052757793764986,2085,3,3,5,5,Periferia norte
1631,-93.10901197766273,16.768070796955868,0.23629489603024575,0.2717391304347826,0.05245746691871456,centro oriente norte,0.03544423440453684,2116,3,3,3,3,Centro oriente
1718,-93.09991059239319,16.737831385575348,0.2527910685805423,0.3492822966507177,0.07814992025518341,centro oriente sur,0.0964912280701754,1254,8,1,1,1,Periferia sur oriente
1653,-93.10609237973347,16.766763181242677,0.35261569416498995,0.23641851106639838,0.04778672032193159,centro oriente norte,-0.11619718309859156,1988,7,3,3,3,Centro oriente
1652,-93.11181764936948,16.76279371379043,0.34774933804060015,0.294792586054722,0.07590467784642542,centro oriente norte,-0.05295675198587818,1133,3,3,3,3,Centro oriente
1686,-93.0925853131399,16.743675186614052,0.24806201550387597,0.2863372093023256,0.06492248062015504,centro oriente sur,0.038275193798449625,2064,8,1,1,1,Periferia sur oriente
1685,-93.08683892456705,16.746095367797054,0.418349273822175,0.1810131066241587,0.05526036131774708,centro oriente sur,-0.2373361671980163,2823,8,3,3,3,Centro oriente
1695,-93.11903234938764,16.752368713734416,0.2797971259509721,0.1437024513947591,0.057480980557903634,centro poniente sur,-0.13609467455621302,1183,8,3,3,6,Centro poniente
1710,-93.12062009505121,16.74830152859769,0.3371104815864023,0.22237960339943344,0.046742209631728045,centro poniente sur,-0.11473087818696884,706,8,3,3,6,Centro poniente
1711,-93.11850483466634,16.74797759780948,0.32574679943101,0.2147937411095306,0.06401137980085349,centro poniente sur,-0.11095305832147939,703,8,3,3,6,Centro poniente
1730,-93.10275919808343,16.73266314962727,0.16436327739387957,0.32453109575518263,0.0688548864758144,periferia oriente sur,0.16016781836130306,4052,8,1,1,1,Periferia sur oriente
1741,-93.11969771794774,16.73455672358437,0.16478555304740405,0.32674943566591425,0.07392776523702031,periferia oriente sur,0.1619638826185102,1772,8,1,1,1,Periferia sur oriente
1725,-93.12157320911524,16.742401210117055,0.2821482602118003,0.28819969742813917,0.06656580937972768,centro poniente sur,0.006051437216338884,1322,8,1,3,6,Centro poniente
1723,-93.11987323304628,16.745183571948054,0.22616933096506808,0.2344582593250444,0.053878034339846066,centro poniente sur,0.008288928359976327,1689,8,3,3,6,Centro poniente
1724,-93.12352677791712,16.745060908331645,0.2793904208998549,0.2539912917271408,0.07619738751814223,centro poniente sur,-0.025399129172714086,1378,8,3,3,6,Centro poniente
1709,-93.12359585477172,16.75011960051698,0.39342948717948717,0.23557692307692307,0.07532051282051282,centro poniente sur,-0.1578525641025641,1248,8,3,3,6,Centro poniente
1697,-93.12329296708441,16.751915407127655,0.29002079002079,0.16216216216216217,0.05405405405405406,centro poniente sur,-0.12785862785862784,962,8,3,3,6,Centro poniente
1727,-93.11373866782338,16.73867659602326,0.2312040700960995,0.2922555115884681,0.05200678349349915,periferia oriente sur,0.061051441492368574,1769,8,1,1,1,Periferia sur oriente
1696,-93.12265647176896,16.753581311148608,0.32857142857142857,0.1989010989010989,0.04945054945054945,centro poniente sur,-0.12967032967032968,910,8,3,3,6,Centro poniente
1678,-93.12237115636948,16.75596040228685,0.2736363636363636,0.12363636363636364,0.05181818181818182,centro poniente sur,-0.14999999999999997,1100,3,3,3,6,Centro poniente
1679,-93.1182463423497,16.756733734496397,0.2551848512173129,0.18755635707844906,0.03967538322813345,centro poniente sur,-0.06762849413886382,1109,3,3,3,6,Centro poniente
1708,-93.1259127763595,16.746623660929423,0.32351135666052794,0.22713321055862493,0.07550644567219153,centro poniente sur,-0.09637814610190301,1629,8,3,3,6,Centro poniente
1721,-93.11243663888754,16.742160056268073,0.2793522267206478,0.30701754385964913,0.0553306342780027,centro oriente sur,0.027665317139001333,1482,8,1,1,1,Periferia sur oriente
1698,-93.1279959783322,16.752971578235826,0.39477503628447025,0.18722786647314948,0.0660377358490566,centro poniente sur,-0.20754716981132076,1378,3,3,3,6,Centro poniente
1720,-93.1081340385149,16.740324343397248,0.27065868263473053,0.3221556886227545,0.03952095808383234,centro oriente sur,0.05149700598802398,1670,8,1,1,1,Periferia sur oriente
1677,-93.1219294103827,16.758249074029443,0.38436482084690554,0.21335504885993486,0.05537459283387622,centro poniente sur,-0.17100977198697068,614,3,3,3,6,Centro poniente
1719,-93.10295282284159,16.737994741276545,0.34468937875751504,0.3076152304609218,0.07515030060120241,centro oriente sur,-0.03707414829659322,998,8,1,3,1,Periferia sur oriente
1700,-93.13760239577665,16.749376583532865,0.34526506570004534,0.2464884458541006,0.05845038513819665,centro poniente sur,-0.09877661984594474,2207,3,3,3,6,Centro poniente
1717,-93.09715542593763,16.736949063187577,0.2074566260612772,0.3547434477667036,0.06866002214839424,centro oriente sur,0.14728682170542637,2709,8,1,1,1,Periferia sur oriente
1699,-93.13408512499241,16.75201569795707,0.4473085670962851,0.20318423047763456,0.053828658074298714,centro poniente sur,-0.24412433661865052,1319,3,3,3,6,Centro poniente
1707,-93.13144542564919,16.748718253158163,0.38027015963978716,0.237003683995088,0.07981989357347523,centro poniente sur,-0.14326647564469916,2443,3,3,3,6,Centro poniente
1676,-93.12622339304043,16.75735565699897,0.413111342351717,0.16129032258064516,0.06763787721123829,centro poniente sur,-0.25182101977107185,961,3,3,3,6,Centro poniente
1609,-93.10664023782978,16.785413596527647,0.17881048001529928,0.26161790017211706,0.07075922738573341,periferia oriente norte,0.08280742015681777,5229,6,3,5,5,Periferia norte
1675,-93.13595212366991,16.75712532827123,0.43083421330517424,0.10242872228088701,0.06969376979936642,centro poniente sur,-0.32840549102428723,947,3,3,3,6,Centro poniente
1674,-93.1374961884122,16.76064210405588,0.37114197530864196,0.16512345679012347,0.08024691358024691,centro poniente sur,-0.2060185185185185,1296,3,3,3,6,Centro poniente
1694,-93.11612021504365,16.7494019524893,0.24305555555555555,0.15885416666666666,0.03211805555555555,centro oriente sur,-0.0842013888888889,1152,8,3,3,6,Centro poniente
1670,-93.11807291153677,16.759512096011388,0.2974976830398517,0.22798887859128822,0.0685820203892493,centro poniente norte,-0.06950880444856347,1079,3,3,3,6,Centro poniente
1668,-93.11210936964626,16.759756677627177,0.3689530685920578,0.24476534296028882,0.05054151624548736,centro oriente norte,-0.12418772563176897,1385,3,3,3,3,Centro oriente
1614,-93.11470040020758,16.783223534575555,0.20096930533117932,0.2936995153473344,0.053634894991922456,periferia oriente norte,0.09273021001615508,3095,3,3,5,5,Periferia norte
1615,-93.11859319117256,16.783015050113946,0.17371502927781393,0.27260897852960314,0.06267620906527868,periferia oriente norte,0.09889394925178921,4611,3,3,5,5,Periferia norte
1664,-93.10523442065136,16.75544456493999,0.2647233789411065,0.20404521118381916,0.060083283759666865,centro oriente sur,-0.06067816775728732,1681,3,3,3,3,Centro oriente
1665,-93.10898691140898,16.7563359682203,0.2785315243415802,0.19393455706304868,0.04948124501197127,centro oriente sur,-0.0845969672785315,1253,3,3,3,3,Centro oriente
1617,-93.11474927172505,16.776595475686214,0.2814387699066447,0.2896760021965953,0.05216913783635365,periferia oriente norte,0.008237232289950602,3642,3,3,5,5,Periferia norte
1618,-93.1042408950295,16.776562403109708,0.22838899803536344,0.32662082514734775,0.057465618860510805,periferia oriente norte,0.0982318271119843,2036,3,3,5,5,Periferia norte
1619,-93.09918964715257,16.772589123811237,0.3169428113308391,0.29877071084981294,0.050774986638161414,centro oriente norte,-0.018172100481026188,1871,7,3,5,5,Periferia norte
1620,-93.09435648984606,16.77177078684634,0.3334847796456156,0.25442980463425713,0.05679236710586097,centro oriente norte,-0.0790549750113585,2201,7,3,3,3,Centro oriente
1621,-93.08772344775117,16.76748949144774,0.25754884547069273,0.2069271758436945,0.03818827708703375,centro oriente norte,-0.05062166962699824,1126,7,3,3,3,Centro oriente
1625,-93.0760472258485,16.762146831374988,0.14996767937944408,0.2915319974143504,0.07627666451195864,periferia oriente norte,0.1415643180349063,3094,8,3,1,1,Periferia sur oriente
1624,-93.07242346978853,16.76089033415311,0.10315186246418338,0.3172329103561195,0.05525992632009824,periferia oriente norte,0.2140810478919361,2443,8,3,1,1,Periferia sur oriente
1622,-93.0687678653471,16.775243437611994,0.15279307631785996,0.24311565696302123,0.06294256490952006,periferia oriente norte,0.09032258064516127,6355,7,3,5,5,Periferia norte
1623,-93.06791727130381,16.761319520895118,0.11543184609087188,0.27957429390094146,0.08268522308636922,periferia oriente norte,0.1641424478100696,2443,8,3,1,1,Periferia sur oriente
1729,-93.09107050703393,16.734076116931444,0.15785174596691853,0.27057382070655506,0.07085971002654687,periferia oriente sur,0.11272207473963652,4897,8,1,1,1,Periferia sur oriente
1743,-93.06969889585933,16.727242444485384,0.1753682842287695,0.2653812824956672,0.07918110918544194,periferia oriente sur,0.09001299826689774,9232,8,1,1,1,Periferia sur oriente
1628,-93.09548449774773,16.76776862298746,0.2816027088036117,0.2291196388261851,0.05304740406320542,centro oriente norte,-0.052483069977426605,1772,7,3,3,3,Centro oriente
1627,-93.09164375381533,16.767967769398265,0.32265446224256294,0.2547673531655225,0.03813882532418002,centro oriente norte,-0.06788710907704043,1311,7,3,3,3,Centro oriente
1728,-93.10767483793995,16.737337246814253,0.19622093023255813,0.2870639534883721,0.06395348837209303,periferia oriente sur,0.09084302325581398,1376,8,1,1,1,Periferia sur oriente
1629,-93.09986884848823,16.765892529852902,0.2949579831932773,0.2801120448179272,0.05070028011204482,centro oriente norte,-0.014845938375350143,3570,7,3,3,3,Centro oriente
1632,-93.1114729273318,16.769535407063337,0.2688821752265861,0.254380664652568,0.038066465256797584,centro oriente norte,-0.014501510574018106,1655,3,3,3,3,Centro oriente
1633,-93.11515382086739,16.767940606803077,0.3992146596858639,0.29908376963350786,0.05759162303664921,centro poniente norte,-0.10013089005235604,1528,3,3,3,3,Centro oriente
1634,-93.1184299402676,16.772518213642464,0.30841560883874003,0.24917724494593324,0.07193229901269393,centro poniente norte,-0.05923836389280679,2127,3,3,3,6,Centro poniente
1635,-93.12419247366532,16.769595942697556,0.3414179104477612,0.14272388059701493,0.049440298507462684,centro poniente norte,-0.19869402985074627,1072,3,3,3,6,Centro poniente
1636,-93.12798131479269,16.77080610670475,0.26878745965882894,0.2595666205624712,0.06685108344859382,centro poniente norte,-0.009220839096357736,2169,3,3,3,6,Centro poniente
1645,-93.15119412240689,16.763935484928222,0.35446859903381644,0.2113526570048309,0.06823671497584541,periferia poniente norte,-0.14311594202898553,1656,4,3,3,6,Centro poniente
1646,-93.1324032904996,16.762917065602434,0.4468980021030494,0.15720294426919032,0.05783385909568875,centro poniente norte,-0.28969505783385907,1902,3,3,3,6,Centro poniente
1647,-93.1282603800719,16.76613505014311,0.30437044745057235,0.24661810613943808,0.05567117585848075,centro poniente norte,-0.05775234131113427,1922,3,3,3,6,Centro poniente
1648,-93.1263945912495,16.76341070607899,0.3507779349363508,0.17256011315417255,0.0594059405940594,centro poniente norte,-0.17821782178217824,1414,3,3,3,6,Centro poniente
1649,-93.12293383919679,16.76462905349849,0.3635831381733021,0.15105386416861827,0.06088992974238876,centro poniente norte,-0.21252927400468385,1708,3,3,3,6,Centro poniente
1650,-93.11997816675513,16.766980438922662,0.21402877697841727,0.2221223021582734,0.06384892086330936,centro poniente norte,0.00809352517985612,1112,3,3,3,6,Centro poniente
1651,-93.117803093072,16.76477353283156,0.22683544303797468,0.23088607594936708,0.06683544303797469,centro poniente norte,0.0040506329113924044,1975,3,3,3,6,Centro poniente
1654,-93.10533732607391,16.760944296720808,0.3518237082066869,0.21580547112462006,0.06003039513677812,centro oriente norte,-0.13601823708206684,1316,3,3,3,3,Centro oriente
1658,-93.08405147152752,16.757211476877668,0.31362007168458783,0.1989247311827957,0.055256869772998804,centro oriente sur,-0.11469534050179214,3348,7,3,3,3,Centro oriente
1659,-93.0788196395629,16.74868928485011,0.2814814814814815,0.3662962962962963,0.0674074074074074,periferia oriente norte,0.08481481481481479,2700,8,1,1,1,Periferia sur oriente
1660,-93.07495922264093,16.756280522849956,0.12425816023738873,0.29673590504451036,0.055637982195845696,periferia oriente norte,0.17247774480712164,2696,8,3,1,1,Periferia sur oriente
1661,-93.07082677283464,16.75635555328951,0.11418575063613232,0.2973918575063613,0.06615776081424936,periferia oriente norte,0.183206106870229,3144,8,3,1,1,Periferia sur oriente
1662,-93.09254164730048,16.753873510327775,0.3494408945686901,0.2152555910543131,0.05351437699680511,centro oriente sur,-0.134185303514377,2504,7,3,3,3,Centro oriente
1663,-93.09704910229333,16.757872811436123,0.32938316621087815,0.23305986022485567,0.053479185657854755,centro oriente sur,-0.09632330598602248,3291,7,3,3,3,Centro oriente
1669,-93.1179095031868,16.761406989540205,0.3350035790980673,0.24910522548317823,0.05583392984967788,centro poniente norte,-0.08589835361488904,1397,3,3,3,6,Centro poniente
1671,-93.12227354419038,16.761063803288277,0.24862888482632542,0.2979890310786106,0.09140767824497258,centro poniente norte,0.04936014625228516,1094,3,3,3,6,Centro poniente
1726,-93.11813129899366,16.742087713933472,0.2408026755852843,0.2831661092530658,0.061872909698996656,centro oriente sur,0.0423634336677815,1794,8,1,1,1,Periferia sur oriente
1722,-93.11562286802234,16.743627147088663,0.28760162601626016,0.3119918699186992,0.08638211382113821,centro oriente sur,0.024390243902439046,984,8,1,1,1,Periferia sur oriente
1732,-93.1165044736967,16.732711664803734,0.19427890345649582,0.3098927294398093,0.058402860548271755,periferia oriente sur,0.11561382598331346,2517,8,1,1,1,Periferia sur oriente
1733,-93.1184815805175,16.738338392612064,0.23709677419354838,0.289247311827957,0.057526881720430106,centro oriente sur,0.052150537634408606,1860,8,1,1,1,Periferia sur oriente
1734,-93.12686796462583,16.73954515431772,0.2247329498767461,0.3011503697617091,0.06737880032867707,periferia poniente sur,0.076417419884963,2434,8,1,1,1,Periferia sur oriente
1740,-93.11995708974665,16.730944541584353,0.2521763549564729,0.2662173546756529,0.062342038753159225,periferia oriente sur,0.014040999719179992,3561,8,1,1,1,Periferia sur oriente
1751,-93.08392826167139,16.738645638897626,0.20056497175141244,0.1626311541565779,0.050443906376109765,periferia oriente sur,-0.03793381759483455,2478,8,4,1,1,Periferia sur oriente
1750,-93.08213025880858,16.77049361251027,0.23823773898586867,0.2801330008312552,0.05918536990856193,periferia oriente norte,0.04189526184538653,6015,7,3,5,5,Periferia norte
1716,-93.09414023024517,16.742167085231447,0.19204545454545455,0.26136363636363635,0.05738636363636364,centro oriente sur,0.0693181818181818,1760,8,1,1,1,Periferia sur oriente
1683,-93.09834998786981,16.74855114504478,0.27408737283064033,0.23159784560143626,0.06403351286654697,centro oriente sur,-0.04248952722920407,1671,8,3,3,3,Centro oriente
1754,-93.08993532391952,16.77345368553006,0.08365310821181889,0.1496546431312356,0.1128165771297007,periferia oriente norte,0.06600153491941672,1303,7,3,5,5,Periferia norte
1656,-93.09228230502407,16.765483372790346,0.3130016051364366,0.29052969502407705,0.04975922953451043,centro oriente norte,-0.02247191011235955,1246,7,3,3,3,Centro oriente
1731,-93.10726091961813,16.729259332548988,0.23911211014329867,0.288002247822422,0.07221129530767069,periferia oriente sur,0.04889013767912334,3559,8,1,1,1,Periferia sur oriente
1630,-93.1048359200829,16.772733106053973,0.25038245792962777,0.2565017848036716,0.05966343702192759,centro oriente norte,0.006119326874043818,1961,3,3,5,5,Periferia norte
1930,-93.07693930259477,16.810373307436368,0.15523932729624837,0.33247089262613194,0.129366106080207,periferia oriente norte,0.17723156532988357,773,6,3,5,5,Periferia norte
1935,-93.08943487802732,16.788205120824614,0.03275109170305677,0.08733624454148471,0.3558951965065502,periferia oriente norte,0.05458515283842794,458,6,3,5,5,Periferia norte
1934,-93.09113137690122,16.788082668351908,0.1476510067114094,0.19966442953020133,0.05536912751677853,periferia oriente norte,0.05201342281879193,596,6,3,5,5,Periferia norte
1932,-93.09264259109439,16.790126147332792,0.03404255319148936,0.13829787234042554,0.39574468085106385,periferia oriente norte,0.10425531914893618,470,6,3,5,5,Periferia norte
1933,-93.09533824537748,16.78995471908274,0.14925373134328357,0.2537313432835821,0.2601279317697228,periferia oriente norte,0.10447761194029853,469,6,3,5,5,Periferia norte
1931,-93.09770955819901,16.78996031815228,0.04206500956022945,0.1739961759082218,0.4435946462715105,periferia oriente norte,0.13193116634799235,523,6,3,5,5,Periferia norte
1937,-93.09637419626519,16.788786115964236,0.2,0.4533333333333333,0.06888888888888889,periferia oriente norte,0.2533333333333333,450,6,5,5,5,Periferia norte
1936,-93.09328693533492,16.78808710055415,0.17089678510998307,0.233502538071066,0.0338409475465313,periferia oriente norte,0.06260575296108292,591,6,3,5,5,Periferia norte
1938,-93.08769277963023,16.787009043083724,0.2685851318944844,0.36930455635491605,0.11990407673860912,periferia oriente norte,0.10071942446043164,417,6,3,5,5,Periferia norte
1942,-93.0897931694541,16.785938916615258,0.21300448430493274,0.3094170403587444,0.06502242152466367,periferia oriente norte,0.09641255605381166,446,6,3,5,5,Periferia norte
1944,-93.09278638734816,16.785618342533823,0.41687344913151364,0.47642679900744417,0.08933002481389578,periferia oriente norte,0.05955334987593053,403,6,5,5,5,Periferia norte
1941,-93.09591464557086,16.78732378646695,0.01757188498402556,0.10702875399361023,0.24281150159744408,periferia oriente norte,0.08945686900958466,626,6,3,5,5,Periferia norte
1940,-93.09775940043508,16.787276537246782,0.13290113452188007,0.2025931928687196,0.05672609400324149,periferia oriente norte,0.06969205834683953,617,6,3,5,5,Periferia norte
1939,-93.09946432559242,16.787078154395267,0.04174573055028463,0.22960151802656548,0.4629981024667932,periferia oriente norte,0.18785578747628084,527,6,3,5,5,Periferia norte
1945,-93.09812023360497,16.78531290524234,0.38095238095238093,0.3968253968253968,0.0873015873015873,periferia oriente norte,0.015873015873015872,504,6,5,5,5,Periferia norte
1949,-93.09922487438203,16.784267103019882,0.22843822843822845,0.26573426573426573,0.07459207459207459,periferia oriente norte,0.03729603729603728,429,6,3,5,5,Periferia norte
1946,-93.09576821915965,16.784902087463376,0.13165680473372782,0.1819526627218935,0.038461538461538464,periferia oriente norte,0.05029585798816569,676,6,3,5,5,Periferia norte
1950,-93.09142341063331,16.78393639939348,0.17990275526742303,0.2739059967585089,0.050243111831442464,periferia oriente norte,0.09400324149108588,617,6,3,5,5,Periferia norte
1948,-93.08896139160473,16.78327583810579,0.09826589595375723,0.1676300578034682,0.0476878612716763,periferia oriente norte,0.06936416184971098,692,6,3,5,5,Periferia norte
1947,-93.08752466920039,16.7836829996259,0.2979942693409742,0.2148997134670487,0.09025787965616046,periferia oriente norte,-0.08309455587392553,698,6,3,3,5,Periferia norte
1955,-93.0904050902065,16.781990364365846,0.2655654383735705,0.25158831003811943,0.03939008894536213,periferia oriente norte,-0.013977128335451061,787,6,3,5,5,Periferia norte
1943,-93.09253224156683,16.781944279903083,0.16544117647058823,0.37316176470588236,0.11764705882352941,periferia oriente norte,0.20772058823529413,544,6,3,5,5,Periferia norte
1951,-93.09501746384858,16.783385171755135,0.176056338028169,0.27699530516431925,0.04929577464788732,periferia oriente norte,0.10093896713615025,426,6,3,5,5,Periferia norte
1952,-93.09660938480152,16.783215602719313,0.30303030303030304,0.21678321678321677,0.04895104895104895,periferia oriente norte,-0.08624708624708627,429,6,3,3,5,Periferia norte
1954,-93.09942476087927,16.783190170813977,0.1412037037037037,0.36574074074074076,0.06712962962962964,periferia oriente norte,0.22453703703703706,432,6,3,5,5,Periferia norte
1956,-93.09993469469633,16.78190827166621,0.21645021645021645,0.2727272727272727,0.07792207792207792,periferia oriente norte,0.05627705627705626,462,6,3,5,5,Periferia norte
1953,-93.09820761457662,16.782096948680266,0.23177570093457944,0.20373831775700935,0.037383177570093455,periferia oriente norte,-0.028037383177570097,535,6,3,5,5,Periferia norte
1959,-93.0967404188833,16.781541861000413,0.13612565445026178,0.3193717277486911,0.08638743455497382,periferia oriente norte,0.18324607329842932,382,6,3,5,5,Periferia norte
1958,-93.09518957246098,16.78170550363133,0.09513742071881606,0.33192389006342493,0.05708245243128964,periferia oriente norte,0.23678646934460887,473,6,3,5,5,Periferia norte
1957,-93.08781314490585,16.779492406493553,0.18766404199475065,0.3241469816272966,0.07480314960629922,periferia oriente norte,0.13648293963254596,762,7,3,5,5,Periferia norte
1961,-93.08566494280714,16.779479842931465,0.15571776155717762,0.4306569343065693,0.11678832116788321,periferia oriente norte,0.2749391727493917,411,7,5,5,5,Periferia norte
1962,-93.08468730360798,16.779818564646423,0.19143576826196473,0.4332493702770781,0.10327455919395466,periferia oriente norte,0.24181360201511337,397,7,5,5,5,Periferia norte
1963,-93.08360172300189,16.779373035314766,0.15040650406504066,0.2703252032520325,0.06504065040650407,periferia oriente norte,0.11991869918699186,492,7,3,5,5,Periferia norte
1960,-93.08295363712784,16.77964286532189,0.10231660231660232,0.2528957528957529,0.12355212355212356,periferia oriente norte,0.15057915057915056,518,7,3,5,5,Periferia norte
1966,-93.08349540002627,16.777641711410688,0.3952483801295896,0.2526997840172786,0.047516198704103674,periferia oriente norte,-0.14254859611231102,463,7,3,3,5,Periferia norte
1965,-93.085345432602,16.777851613529577,0.23649906890130354,0.3687150837988827,0.0856610800744879,periferia oriente norte,0.13221601489757914,537,7,3,5,5,Periferia norte
1964,-93.08717635179724,16.776393113997177,0.2555746140651801,0.2864493996569468,0.051457975986277875,periferia oriente norte,0.030874785591766707,583,7,3,5,5,Periferia norte
1967,-93.08590283293108,16.775428909922343,0.2707993474714519,0.2234910277324633,0.052202283849918436,periferia oriente norte,-0.04730831973898861,613,7,3,3,5,Periferia norte
1968,-93.08451443271987,16.77586839789378,0.2826747720364742,0.1413373860182371,0.0486322188449848,periferia oriente norte,-0.1413373860182371,658,7,3,3,5,Periferia norte
1971,-93.08408951622421,16.771947494432975,0.4507042253521127,0.3227699530516432,0.07746478873239436,centro oriente norte,-0.1279342723004695,852,7,3,3,5,Periferia norte
1970,-93.08635426503018,16.77299685305567,0.33204633204633205,0.22393822393822393,0.07722007722007722,centro oriente norte,-0.10810810810810811,518,7,3,3,5,Periferia norte
1969,-93.08797292819905,16.773567545224875,0.3581780538302277,0.17805383022774326,0.062111801242236024,centro oriente norte,-0.18012422360248445,483,7,3,3,5,Periferia norte
1972,-93.0896425800774,16.77021969128106,0.3624733475479744,0.2579957356076759,0.042643923240938165,centro oriente norte,-0.10447761194029848,469,7,3,3,3,Centro oriente
1973,-93.08659710997752,16.77100450702026,0.047706422018348627,0.24770642201834864,0.047706422018348627,centro oriente norte,0.2,545,7,3,1,5,Periferia norte
1974,-93.0853156251696,16.768901903422183,0.06077348066298342,0.23941068139963168,0.05156537753222836,centro oriente norte,0.17863720073664824,543,7,3,1,5,Periferia norte
1975,-93.08777550731,16.76916009976958,0.09468822170900693,0.4295612009237875,0.09699769053117784,centro oriente norte,0.3348729792147806,433,7,5,5,5,Periferia norte
1737,-93.17776135867294,16.719040591951767,0.16757699893794567,0.2301623425883781,0.06569564557730238,periferia poniente sur,0.06258534365043242,13182,5,2,4,4,Periferia sur poniente
2013,-93.06286428715151,16.76076786475503,0.24434389140271492,0.334841628959276,0.09954751131221719,periferia oriente norte,0.09049773755656107,442,8,1,1,1,Periferia sur oriente
2014,-93.06452726700137,16.76078148807022,0.0770440251572327,0.19025157232704404,0.06132075471698113,periferia oriente norte,0.11320754716981134,636,8,4,1,1,Periferia sur oriente
2015,-93.06740522022025,16.758902822861387,0.06548431105047749,0.16371077762619374,0.05184174624829468,periferia oriente norte,0.09822646657571625,733,8,4,1,1,Periferia sur oriente
2018,-93.06695868644506,16.7562433622371,0.1298342541436464,0.13397790055248618,0.023480662983425413,periferia oriente norte,0.004143646408839768,724,8,4,1,1,Periferia sur oriente
2017,-93.06393189502518,16.756790455567806,0.24164810690423164,0.29175946547884185,0.07238307349665925,periferia oriente norte,0.050111358574610215,898,8,1,1,1,Periferia sur oriente
2016,-93.06179448456083,16.75798803817924,0.10031347962382445,0.2601880877742947,0.08620689655172414,periferia oriente norte,0.15987460815047025,638,8,3,1,1,Periferia sur oriente
2019,-93.06080889669241,16.75518524947246,0.2133051742344245,0.24181626187961985,0.054910242872228086,periferia oriente norte,0.02851108764519536,947,8,1,1,1,Periferia sur oriente
2022,-93.06448363720347,16.752003798338553,0.07019958706125258,0.17894012388162422,0.024088093599449415,periferia oriente norte,0.10874053682037164,1453,8,4,1,1,Periferia sur oriente
2021,-93.06750982071138,16.749836865189007,0.31022727272727274,0.41818181818181815,0.12272727272727273,periferia oriente norte,0.10795454545454541,880,8,1,1,1,Periferia sur oriente
2023,-93.07434659532723,16.752350786054244,0.3497536945812808,0.33004926108374383,0.05747126436781609,periferia oriente norte,-0.019704433497536977,609,8,1,1,1,Periferia sur oriente
2025,-93.07054502674072,16.751746433468615,0.056451612903225805,0.17473118279569894,0.0456989247311828,periferia oriente norte,0.11827956989247312,744,8,4,1,1,Periferia sur oriente
2027,-93.06931377798274,16.749426069757657,0.08941605839416059,0.22627737226277372,0.04744525547445255,periferia oriente norte,0.13686131386861314,548,8,1,1,1,Periferia sur oriente
2026,-93.07057567012163,16.746137103358606,0.07646176911544228,0.239880059970015,0.05247376311844078,periferia oriente norte,0.1634182908545727,667,8,1,1,1,Periferia sur oriente
2028,-93.06216474036088,16.741179539420813,0.1473899692937564,0.263050153531218,0.08188331627430911,periferia oriente sur,0.11566018423746163,977,8,1,1,1,Periferia sur oriente
2043,-93.0522049681111,16.731203120582656,0.26735218508997427,0.32904884318766064,0.08354755784061697,periferia oriente sur,0.061696658097686374,778,8,1,1,1,Periferia sur oriente
2041,-93.06274508661654,16.735369889965938,0.1595238095238095,0.2571428571428571,0.03571428571428571,periferia oriente sur,0.0976190476190476,420,8,1,1,1,Periferia sur oriente
2037,-93.06594408578151,16.737308449075734,0.11956521739130435,0.30869565217391304,0.06304347826086956,periferia oriente sur,0.1891304347826087,460,8,1,1,1,Periferia sur oriente
2031,-93.06795435096221,16.738447464925997,0.11392405063291139,0.20675105485232068,0.08016877637130802,periferia oriente sur,0.09282700421940929,711,8,1,1,1,Periferia sur oriente
2044,-93.06585051620311,16.734262970697266,0.14027777777777778,0.14305555555555555,0.030555555555555555,periferia oriente sur,0.002777777777777768,720,8,4,1,1,Periferia sur oriente
2042,-93.06892246966865,16.735625543023037,0.28778467908902694,0.39337474120082816,0.11801242236024845,periferia oriente sur,0.10559006211180122,483,8,1,1,1,Periferia sur oriente
2030,-93.07203524342474,16.741199959044938,0.24816176470588236,0.23161764705882354,0.04411764705882353,periferia oriente sur,-0.01654411764705882,544,8,1,1,1,Periferia sur oriente
2035,-93.07281529347915,16.739348453160048,0.23273657289002558,0.5038363171355499,0.1432225063938619,periferia oriente sur,0.2710997442455243,391,8,5,1,1,Periferia sur oriente
2034,-93.07460480266543,16.739529356944253,0.11798839458413926,0.2727272727272727,0.030947775628626693,periferia oriente sur,0.15473887814313345,517,8,1,1,1,Periferia sur oriente
2032,-93.07601681807975,16.73890208537393,0.1608187134502924,0.1652046783625731,0.049707602339181284,periferia oriente sur,0.004385964912280715,684,8,4,1,1,Periferia sur oriente
2039,-93.0723994752417,16.73774459628487,0.14163090128755365,0.27896995708154504,0.060085836909871244,periferia oriente sur,0.1373390557939914,466,8,1,1,1,Periferia sur oriente
2038,-93.07417605501425,16.737818394292326,0,0,0,periferia oriente sur,0,618,8,4,1,1,Periferia sur oriente
2040,-93.07425457846865,16.73543853605588,0.15177610333692143,0.2518837459634015,0.06673842841765339,periferia oriente sur,0.10010764262648009,929,8,1,1,1,Periferia sur oriente
2046,-93.0668180922923,16.731897621952335,0,0,0,periferia oriente sur,0,957,8,4,1,1,Periferia sur oriente
2045,-93.06970821847935,16.733455296389863,0,0,0,periferia oriente sur,0,559,8,4,1,1,Periferia sur oriente
2033,-93.069732239594,16.739422013879953,0.17634408602150536,0.21935483870967742,0.06236559139784946,periferia oriente sur,0.04301075268817206,465,8,1,1,1,Periferia sur oriente
2036,-93.0712243330121,16.739208507126417,0.18478260869565216,0.4157608695652174,0.1331521739130435,periferia oriente sur,0.23097826086956524,368,8,5,1,1,Periferia sur oriente
1616,-93.13768420687006,16.784717879094572,0.23072455350660664,0.22985334688543632,0.068317119210106,periferia poniente norte,-8.712066211703229e-4,13774,3,3,3,6,Centro poniente
2012,-93.05247971483709,16.759617933802073,0.1751412429378531,0.2937853107344633,0.06779661016949153,periferia oriente norte,0.11864406779661019,531,8,1,1,1,Periferia sur oriente
2020,-93.05932881759108,16.752948117463433,0.3035479632063075,0.24704336399474375,0.10512483574244415,periferia oriente norte,-0.056504599211563755,761,8,1,1,1,Periferia sur oriente
2024,-93.05868752896467,16.747178060793665,0.36403995560488345,0.33851276359600446,0.0932297447280799,periferia oriente norte,-0.025527192008878985,901,8,1,1,1,Periferia sur oriente
2029,-93.05281432808675,16.738474342951164,0.2537037037037037,0.3537037037037037,0.08611111111111111,periferia oriente sur,0.09999999999999998,1080,8,1,1,1,Periferia sur oriente
